snapshot_date,gpu,vastai_n_offers,vastai_dph_median,runpod_stock_status,runpod_lowest_price_usd_per_hr
2026-09-25,B200,2,9.1281,,
2026-09-25,H100 SXM,4,3.4375,Low,2.69
2026-09-25,H200 SXM,2,4.9039,Low,3.59
2026-09-26,B200,3,7.5104,Low,5.98
2026-09-26,H100 SXM,7,3.2053,Medium,2.69
2026-09-26,H200 SXM,3,4.8056,Medium,3.59
2026-09-27,B200,2,8.4437,Low,5.98
2026-09-27,H100 SXM,8,3.0257,Medium,2.69
2026-09-27,H200 SXM,3,4.8056,Medium,3.59
2026-09-28,B200,3,8.5597,Low,5.98
2026-09-28,H100 SXM,4,2.5041,Low,2.69
2026-09-28,H200 SXM,4,4.1806,Low,3.59
2026-09-29,B200,1,8.1271,,
2026-09-29,H100 SXM,6,2.3779,Low,2.69
2026-09-29,H200 SXM,2,4.8056,Low,3.59
2026-09-30,B200,1,7.8146,Low,5.98
2026-09-30,H100 SXM,6,3.0913,Medium,2.69
2026-09-30,H200 SXM,2,5.1213,Medium,3.59
