snapshot_date,basket,gpu,offline_tokens_per_sec,market_usd_per_token,ceiling_usd_per_hr,rental_usd_per_hr,ratio,violation
2026-09-24,llama_3_1_405b_family,B200,207.438,3e-06,2.2403,9.3854,4.1893,True
2026-09-24,llama_3_1_405b_family,H100 SXM,48.946,3e-06,0.5286,3.3965,6.4253,True
2026-09-24,deepseek_v3_family,B200,207.438,4e-07,0.2987,9.3854,31.4197,True
2026-09-24,deepseek_v3_family,H100 SXM,48.946,4e-07,0.0705,3.3965,48.1894,True
2026-09-25,llama_3_1_405b_family,B200,207.438,3e-06,2.2403,7.5656,3.377,True
2026-09-25,llama_3_1_405b_family,H100 SXM,48.946,3e-06,0.5286,3.5715,6.7563,True
2026-09-25,llama_3_1_405b_family,H200 SXM,69.094,3e-06,0.7462,4.8056,6.44,True
2026-09-25,deepseek_v3_family,B200,207.438,4e-07,0.2987,7.5656,25.3275,True
2026-09-25,deepseek_v3_family,H100 SXM,48.946,4e-07,0.0705,3.5715,50.6723,True
2026-09-25,deepseek_v3_family,H200 SXM,69.094,4e-07,0.0995,4.8056,48.2997,True
2026-09-26,llama_3_1_405b_family,B200,207.438,3e-06,2.2403,7.5104,3.3524,True
2026-09-26,llama_3_1_405b_family,H100 SXM,48.946,3e-06,0.5286,3.2053,6.0636,True
2026-09-26,llama_3_1_405b_family,H200 SXM,69.094,3e-06,0.7462,4.8056,6.44,True
2026-09-26,deepseek_v3_family,B200,207.438,4e-07,0.2987,7.5104,25.1427,True
2026-09-26,deepseek_v3_family,H100 SXM,48.946,4e-07,0.0705,3.2053,45.4767,True
2026-09-26,deepseek_v3_family,H200 SXM,69.094,4e-07,0.0995,4.8056,48.2997,True
2026-09-27,llama_3_1_405b_family,B200,207.438,3e-06,2.2403,8.4437,3.769,True
2026-09-27,llama_3_1_405b_family,H100 SXM,48.946,3e-06,0.5286,3.0257,5.7238,True
2026-09-27,llama_3_1_405b_family,H200 SXM,69.094,3e-06,0.7462,4.8056,6.44,True
2026-09-27,deepseek_v3_family,B200,207.438,4e-07,0.2987,8.4437,28.2671,True
2026-09-27,deepseek_v3_family,H100 SXM,48.946,4e-07,0.0705,3.0257,42.9285,True
2026-09-27,deepseek_v3_family,H200 SXM,69.094,4e-07,0.0995,4.8056,48.2997,True
2026-09-28,llama_3_1_405b_family,B200,207.438,3e-06,2.2403,7.5104,3.3524,True
2026-09-28,llama_3_1_405b_family,H100 SXM,48.946,3e-06,0.5286,2.5041,4.7371,True
2026-09-28,llama_3_1_405b_family,H200 SXM,69.094,3e-06,0.7462,4.1806,5.6024,True
2026-09-28,deepseek_v3_family,B200,207.438,4.2e-07,0.3136,7.5104,23.9454,True
2026-09-28,deepseek_v3_family,H100 SXM,48.946,4.2e-07,0.074,2.5041,33.8363,True
2026-09-28,deepseek_v3_family,H200 SXM,69.094,4.2e-07,0.1045,4.1806,40.0172,True
2026-09-29,llama_3_1_405b_family,B200,207.438,3e-06,2.2403,8.1271,3.6276,True
2026-09-29,llama_3_1_405b_family,H100 SXM,48.946,3e-06,0.5286,2.0761,3.9274,True
2026-09-29,llama_3_1_405b_family,H200 SXM,69.094,3e-06,0.7462,4.8056,6.44,True
2026-09-29,deepseek_v3_family,B200,207.438,4.2e-07,0.3136,8.1271,25.9117,True
2026-09-29,deepseek_v3_family,H100 SXM,48.946,4.2e-07,0.074,2.0761,28.053,True
2026-09-29,deepseek_v3_family,H200 SXM,69.094,4.2e-07,0.1045,4.8056,45.9998,True
2026-09-30,llama_3_1_405b_family,B200,207.438,3e-06,2.2403,7.8146,3.4881,True
2026-09-30,llama_3_1_405b_family,H100 SXM,48.946,3e-06,0.5286,3.0913,5.8479,True
2026-09-30,llama_3_1_405b_family,H200 SXM,69.094,3e-06,0.7462,5.1213,6.863,True
2026-09-30,deepseek_v3_family,B200,207.438,4.2e-07,0.3136,7.8146,24.9153,True
2026-09-30,deepseek_v3_family,H100 SXM,48.946,4.2e-07,0.074,3.0913,41.7707,True
2026-09-30,deepseek_v3_family,H200 SXM,69.094,4.2e-07,0.1045,5.1213,49.0217,True
2026-10-01,llama_3_1_405b_family,B200,207.438,3e-06,2.2403,7.0333,3.1394,True
2026-10-01,llama_3_1_405b_family,H100 SXM,48.946,3e-06,0.5286,4.5293,8.5682,True
2026-10-01,llama_3_1_405b_family,H200 SXM,69.094,3e-06,0.7462,5.1213,6.863,True
2026-10-01,deepseek_v3_family,B200,207.438,4.2e-07,0.3136,7.0333,22.4243,True
2026-10-01,deepseek_v3_family,H100 SXM,48.946,4.2e-07,0.074,4.5293,61.2015,True
2026-10-01,deepseek_v3_family,H200 SXM,69.094,4.2e-07,0.1045,5.1213,49.0217,True
2026-10-02,llama_3_1_405b_family,B200,207.438,3e-06,2.2403,6.2521,2.7907,True
2026-10-02,llama_3_1_405b_family,H100 SXM,48.946,3e-06,0.5286,3.5759,6.7646,True
2026-10-02,llama_3_1_405b_family,H200 SXM,69.094,3e-06,0.7462,5.1213,6.863,True
2026-10-02,deepseek_v3_family,B200,207.438,4.2e-07,0.3136,6.2521,19.9336,True
2026-10-02,deepseek_v3_family,H100 SXM,48.946,4.2e-07,0.074,3.5759,48.3188,True
2026-10-02,deepseek_v3_family,H200 SXM,69.094,4.2e-07,0.1045,5.1213,49.0217,True
2026-10-03,llama_3_1_405b_family,B200,207.438,3e-06,2.2403,7.8146,3.4881,True
2026-10-03,llama_3_1_405b_family,H100 SXM,48.946,3e-06,0.5286,2.9719,5.622,True
2026-10-03,llama_3_1_405b_family,H200 SXM,69.094,3e-06,0.7462,5.0044,6.7064,True
2026-10-03,deepseek_v3_family,B200,207.438,4.2e-07,0.3136,7.8146,24.9153,True
2026-10-03,deepseek_v3_family,H100 SXM,48.946,4.2e-07,0.074,2.9719,40.1574,True
2026-10-03,deepseek_v3_family,H200 SXM,69.094,4.2e-07,0.1045,5.0044,47.9027,True
2026-10-04,llama_3_1_405b_family,B200,207.438,3e-06,2.2403,7.6625,3.4203,True
2026-10-04,llama_3_1_405b_family,H100 SXM,48.946,3e-06,0.5286,2.1536,4.074,True
2026-10-04,llama_3_1_405b_family,H200 SXM,69.094,3e-06,0.7462,5.1213,6.863,True
2026-10-04,deepseek_v3_family,B200,207.438,4.2e-07,0.3136,7.6625,24.4304,True
2026-10-04,deepseek_v3_family,H100 SXM,48.946,4.2e-07,0.074,2.1536,29.1002,True
2026-10-04,deepseek_v3_family,H200 SXM,69.094,4.2e-07,0.1045,5.1213,49.0217,True
2026-10-06,llama_3_1_405b_family,B200,207.438,3e-06,2.2403,9.3854,4.1893,True
2026-10-06,llama_3_1_405b_family,H100 SXM,48.946,3e-06,0.5286,2.3893,4.5199,True
2026-10-06,llama_3_1_405b_family,H200 SXM,69.094,3e-06,0.7462,5.1213,6.863,True
2026-10-06,deepseek_v3_family,B200,207.438,4.2e-07,0.3136,9.3854,29.9235,True
2026-10-06,deepseek_v3_family,H100 SXM,48.946,4.2e-07,0.074,2.3893,32.2851,True
2026-10-06,deepseek_v3_family,H200 SXM,69.094,4.2e-07,0.1045,5.1213,49.0217,True
2026-10-07,llama_3_1_405b_family,B200,207.438,3e-06,2.2403,6.8813,3.0716,True
2026-10-07,llama_3_1_405b_family,H100 SXM,48.946,3e-06,0.5286,3.258,6.1633,True
2026-10-07,llama_3_1_405b_family,H200 SXM,69.094,3e-06,0.7462,5.1213,6.863,True
2026-10-07,deepseek_v3_family,B200,207.438,4.2e-07,0.3136,6.8813,21.9397,True
2026-10-07,deepseek_v3_family,H100 SXM,48.946,4.2e-07,0.074,3.258,44.0232,True
2026-10-07,deepseek_v3_family,H200 SXM,69.094,4.2e-07,0.1045,5.1213,49.0217,True
