field,value,source,source_url,snapshot_date,notes
borrower,CoreWeave Financing DDTL V-V LLC,coreweave_sec_filing,https://www.sec.gov/Archives/edgar/data/1769628/000176962826000357/ex991pr.htm,2026-10-01,"Special-purpose borrower/subsidiary, not CoreWeave Inc. directly -- DSCR covenant tests this entity's contracted cash flows, not whole-company financials."
facility_size_usd,2600000000,coreweave_sec_filing,https://www.sec.gov/Archives/edgar/data/1769628/000176962826000357/ex991pr.htm,2026-10-01,"$2.6B delayed-draw term loan (DDTL). Model assumes fully drawn, proceeds = GPU capex, for simplicity."
spread_bps_over_sofr,550,techtimes_coverage,https://www.techtimes.com/articles/322772/20260803/ai-loan-investors-demand-covenants-after-coreweave-spread-blows-out-125-points.htm,2026-10-01,"Repriced wider from an initial 425-450bps guide -- investors demanded more spread before the deal closed."
all_in_ytm_pct,10.44,techtimes_coverage,https://www.techtimes.com/articles/322772/20260803/ai-loan-investors-demand-covenants-after-coreweave-spread-blows-out-125-points.htm,2026-10-01,"Includes OID (widened from 99 to 97 cents) on top of the floating coupon."
dscr_covenant,1.35,techtimes_coverage,https://www.techtimes.com/articles/322772/20260803/ai-loan-investors-demand-covenants-after-coreweave-spread-blows-out-125-points.htm,2026-10-01,"Maintenance covenant, tested continuously, not just at maturity. Breach if NOI/debt_service < 1.35x."
min_liquidity_usd,112500000,techtimes_coverage,https://www.techtimes.com/articles/322772/20260803/ai-loan-investors-demand-covenants-after-coreweave-spread-blows-out-125-points.htm,2026-10-01,"Second, independent covenant trigger -- not modeled in v1 (no cash-balance/liquidity-draw data available), flagged as an open next step."
maturity_date,2031-09-30,coreweave_sec_filing,https://www.sec.gov/Archives/edgar/data/1769628/000176962826000357/ex991pr.htm,2026-10-01,"Full amortization to maturity, no balloon, per the facility's 'regular scheduled payments' language."
close_date,2026-07-27,techtimes_coverage,https://www.techtimes.com/articles/322772/20260803/ai-loan-investors-demand-covenants-after-coreweave-spread-blows-out-125-points.htm,2026-10-01,"Article (published 2026-08-03) describes the close as having happened 'last week' -- approximated to end of the prior week."
amortization_months,61,derived,,2026-10-01,"Close (2026-07-27) to maturity (2031-09-30) ~61 months. Exact amortization schedule (straight-line vs. level-payment) is not disclosed -- model assumes straight-line principal, flagged as an approximation."
moodys_rating,Ba2,coreweave_sec_filing,https://www.sec.gov/Archives/edgar/data/1769628/000176962826000357/ex991pr.htm,2026-10-01,
fitch_rating,BB+,coreweave_sec_filing,https://www.sec.gov/Archives/edgar/data/1769628/000176962826000357/ex991pr.htm,2026-10-01,
sofr_pct,3.90,sofrrate_dot_com,https://www.sofrrate.com/,2026-10-01,"As of 2026-09-30. Held flat over the simulation horizon -- a real simplification; SOFR path risk is not modeled here."
